Brand,Bike Name,Price,Engine CC,Transmission,URL
Yamaha,Yamaha XSR 155,564900,155,6-Speed Manual,https://www.turbonepal.com/new-motorcycles/Yamaha/XSR-155
Yamaha,Yamaha Saluto 125 Disc,284900,125,4-Speed Constant-Mesh Manual,https://www.turbonepal.com/new-motorcycles/Yamaha/Saluto-125-Disc
Yamaha,Yamaha FZ FI,404900,149,5-Speed Manual,https://www.turbonepal.com/new-motorcycles/Yamaha/FZ-FI
Yamaha,Yamaha FZ FI V2,366900,149,5-Speed Manual,https://www.turbonepal.com/new-motorcycles/Yamaha/FZ-FI-V2
Yamaha,Yamaha FZS FI V2 Rear disc brake,384900,149,5-Speed Manual,https://www.turbonepal.com/new-motorcycles/Yamaha/FZS-FI-V2
Yamaha,Yamaha FZ FI V3 BS6,384900,149,5-Speed Manual,https://www.turbonepal.com/new-motorcycles/Yamaha/FZ-FI-V3-BS6
Yamaha,Yamaha FZS FI V3 BS6 Deluxe,430900,149,5-Speed Manual,https://www.turbonepal.com/new-motorcycles/Yamaha/FZS-FI-V3-BS6
Yamaha,Yamaha FZ S FI New Gen,449900,149,5-Speed Manual,https://www.turbonepal.com/new-motorcycles/Yamaha/FZ-S-FI-New-Gen
Yamaha,Yamaha FZ S FI Hybrid,496900,149,5-Speed Manual,https://www.turbonepal.com/new-motorcycles/Yamaha/FZ-S-FI-Hybrid
Yamaha,Yamaha MT 15 V2,581900,155,6-Speed Manual,https://www.turbonepal.com/new-motorcycles/Yamaha/MT-15-V2
Yamaha,Yamaha WR 155R,749900,155.09,6-Speed Manual,https://www.turbonepal.com/new-motorcycles/Yamaha/WR-155R
Yamaha,Yamaha R15 V4 BS6,639900,155,6-Speed Manual,https://www.turbonepal.com/new-motorcycles/Yamaha/R15-V4-BS6
Yamaha,Yamaha R15 S,569900,155,6-Speed Manual,https://www.turbonepal.com/new-motorcycles/Yamaha/R15-S
Yamaha,Yamaha R15M BS6,649900,155,6-Speed Manual,https://www.turbonepal.com/new-motorcycles/Yamaha/R15M-BS6
Triumph,Triumph Speed T4,649900,349,6-Speed Manual,https://www.turbonepal.com/new-motorcycles/Triumph/Speed-T4
Triumph,Triumph Speed 400,719900,398.15,6-Speed Manual,https://www.turbonepal.com/new-motorcycles/Triumph/Speed-400
